VERSION,ID,TENANT_CODE,PRODUCT_CODE,PRODUCT_TYPE,CURRENCY_CODE,ADVANCE_PAYMENT_ALLOWED,PARTIAL_PAYMENT_ALLOWED,PREPAYMENT_ALLOWED,PRECLOSURE_ALLOWED,INTERNAL_PRECLOSURE_ALLOWED,TIME_UNIT_OVERRIDE_ALLOWED,PREPAY_INTEREST_ALLOWED,PREPAY_TO_SECURITY_DEPOSIT,MULTIPLE_DISBURSEMENTS_ALLOWED,REVOLVING_PRINCIPAL_ALLOWED,PENAL_INTEREST_FOR_PAY_BY_DAY_PERIOD,PENAL_INTEREST_DEMAND_MODE,PENAL_INTEREST_BOOKING_BASIS,PENAL_INTEREST_CALCULATION,NORMAL_INTEREST_RATE_BASIS,REPAYMENT_AT_START_OF_INTERVAL,AUTO_CLOSE_WITH_SECURITY_DEPOSIT,LATE_FEE_AS_PENALTY_APPLICABLE,INTEREST_ADJUSTMENT_MODE,BROKEN_PERIOD_INTEREST_DEMAND_MODE,DEMAND_PAY_BY_DAYS,DEMAND_DAY_PATTERN,DEMAND_CUTOFF_DAY,MAX_FIRST_REPAYMENT_INTERVAL,DEMAND_INTERVAL_MAGNITUDE,DEMAND_INTERVAL_UNIT,GUARANTOR_REQUIRED,COLLATERAL_CLASSIFIER,NORMAL_INTEREST_RATE,PENAL_INTEREST_RATE,MIN_NORMAL_INTEREST_RATE,MAX_NORMAL_INTEREST_RATE,MIN_PENAL_INTEREST_RATE,MAX_PENAL_INTEREST_RATE,POST_MATURITY_INTEREST_APPLICABLE,POST_MATURITY_NORMAL_INTEREST_RATE,POST_MATURITY_DEMAND_INTERVAL_MONTHS,POST_MATURITY_DEMAND_INTERVAL_DAYS,POST_MATURITY_DEMAND_INTERVAL_UNIT,COMPOUND_INTEREST_CALCULATION,COMPOUNDING_INTERVAL_MONTHS,COMPOUNDING_INTERVAL_DAYS,COMPOUNDING_INTERVAL_UNIT,INTEREST_LIMIT_ALLOWED,INTEREST_TABLE_LOOKUP,INTEREST_TABLE_CODE,DEMAND_DATE_MODE,MIN_DAYS_OF_INTEREST,NPA_DAYS,NPA_UNMARKING_ONLY_ON_ZERO_DPD,CARRY_OVER_LINKED_ACCOUNT_NPA,DEMAND_ROUNDING_MODE,INTEREST_COMPUTATION_METHOD,INTEREST_ACCRUAL_CALCULATION,INTEREST_INCOME_ACCOUNT_CODE,INTEREST_RECEIVABLE_ACCOUNT_CODE,INTEREST_ACCRUED_ACCOUNT_CODE,INTEREST_SUSPENSE_ACCOUNT_CODE,PENAL_INTEREST_INCOME_ACCOUNT_CODE,PENAL_INTEREST_RECEIVABLE_ACCOUNT_CODE,PENAL_INTEREST_ACCRUED_ACCOUNT_CODE,PENAL_INTEREST_SUSPENSE_ACCOUNT_CODE,FORFEITURE_ACCOUNT_CODE,WAIVER_ACCOUNT_CODE,CONTRA_ACCOUNT_CODE,PRINCIPAL_WRITE_OFF_ACCOUNT_CODE,NORMAL_INTEREST_WRITE_OFF_ACCOUNT_CODE,PENAL_INTEREST_WRITE_OFF_ACCOUNT_CODE,ADDITIONAL_INTEREST_INCOME_ACCOUNT_CODE,ADDITIONAL_INTEREST_RECEIVABLE_ACCOUNT_CODE,ADDITIONAL_INTEREST_ACCRUED_ACCOUNT_CODE,ADDITIONAL_INTEREST_SUSPENSE_ACCOUNT_CODE,ADDITIONAL_INTEREST_WAIVER_ACCOUNT_CODE,ADDITIONAL_INTEREST_WRITE_OFF_ACCOUNT_CODE,DEMAND_TOLERANCE_MAGNITUDE,DEMAND_TOLERANCE_CURRENCY,WRITE_OFF_RECOVERY_ACCOUNT_CODE,LOAN_LOSS_PROVISION_RESERVE_ACCOUNT_CODE,LOAN_LOSS_PROVISION_STD_EXPENSE_ACCOUNT_CODE,LOAN_LOSS_PROVISION_STD_INCOME_ACCOUNT_CODE,LOAN_LOSS_PROVISION_NPA_EXPENSE_ACCOUNT_CODE,LOAN_LOSS_PROVISION_NPA_INCOME_ACCOUNT_CODE,SECURITY_DEPOSIT_ACCOUNT_CODE,SECURITY_DEPOSIT_ADVANCE_INTEREST_ACCOUNT_CODE,NORMAL_INTEREST_WAIVER_ACCOUNT_CODE,PENAL_INTEREST_WAIVER_ACCOUNT_CODE,INTEREST_TDS_ACCOUNT_CODE,TAX1_ACCOUNT_CODE,TAX2_ACCOUNT_CODE,TAX3_ACCOUNT_CODE,TAX4_ACCOUNT_CODE,SECURITY_DEPOSIT_DEDUCTION_TYPE,SECURITY_DEPOSIT_DEDUCTION_FROM_CUSTOMER_ONLY,SECURITY_DEPOSIT_DUE_APPLICABLE,SECURITY_DEPOSIT_INSTALLMENTS,WRITE_OFF_DAYS,PROVISIONING_APPLICABLE,PROVISIONING_TABLE_CODE,PROVISIONING_TABLE_CODE_ALT_1,DEMAND_OFFSET_WITH_PROVISIONING_TABLE,ONE_INSTALLMENT_PER_DEMAND,AUTO_REPAY_ON_DEMAND,AUTO_REPAY_SCHEDULED,NORMAL_INTEREST_LIMIT_ALLOWED,CUSTOMER_LIMIT_CHECKING_MODE,INSTALLMENT_COMPUTATION_METHOD,INSTALLMENT_ROUNDING_UNIT,INSTALLMENT_ROUNDING_MODE,MIN_INSTALLMENT_AMOUNT_MAGNITUDE,MIN_INSTALLMENT_AMOUNT_CURRENCY,INTEREST_COMPUTATION_FRACTION_DIGITS,INTEREST_COMPUTATION_ROUNDING_MODE,INTEREST_FRACTION_DIGITS,CARRY_OVER_BOOKED_NOT_DUE_INTEREST,EXTRA_DAY_INTEREST_ON_FIRST_DISBURSEMENT,INTEREST_ROUNDING_MODE,INTEREST_RATE_FRACTION_DIGITS,INTEREST_RATE_ROUNDING_MODE,FEE_CHARGE_FRACTION_DIGITS,FEE_CHARGE_ROUNDING_MODE,FEE_FRACTION_DIGITS,FEE_ROUNDING_MODE,HOLIDAY_HANDLING_MODE,CUMULATIVE_INTEREST_COMPUTATION,AMOUNT_LOWER_MAGNITUDE,AMOUNT_LOWER_CURRENCY,AMOUNT_UPPER_MAGNITUDE,AMOUNT_UPPER_CURRENCY,TOLERANCE_MAGNITUDE,TOLERANCE_CURRENCY,TENURE_UPPER_MONTHS,TENURE_UPPER_DAYS,TENURE_UPPER_UNIT,TENURE_LOWER_MONTHS,TENURE_LOWER_DAYS,TENURE_LOWER_UNIT,VARIABLE_INSTALLMENT,REPAYMENT_METHOD,DEMAND_OFFSET_SEQUENCE,NPA_DEMAND_OFFSET_SEQUENCE,LOAN_PURPOSE_CODE,MATURITY_DATE_REFERENCE,MORATORIUM_TYPE,MORATORIUM_PERIOD_MONTHS,MORATORIUM_PERIOD_DAYS,MORATORIUM_PERIOD_UNIT,MORATORIUM_NORMAL_INTEREST_RATE_APPLICABLE,MORATORIUM_NORMAL_INTEREST_RATE,MORATORIUM_INTEREST_ACCRUAL_CALCULATION,MINIMUM_REPAYMENT_PERCENT,MINIMUM_REPAYMENT_AMOUNT_MAGNITUDE,MINIMUM_REPAYMENT_AMOUNT_CURRENCY,UDF_TEXT1,UDF_TEXT2,UDF_TEXT3,UDF_TEXT4,UDF_TEXT5,UDF_TEXT6,UDF_TEXT7,UDF_TEXT8,UDF_TEXT9,UDF_TEXT10,UDF_TEXT11,UDF_TEXT12,UDF_TEXT13,UDF_TEXT14,UDF_TEXT15,UDF_TEXT16,UDF_TEXT17,UDF_TEXT18,UDF_TEXT19,UDF_TEXT20,UDF_TEXT21,UDF_TEXT22,UDF_TEXT23,UDF_TEXT24,UDF_TEXT25,UDF_TEXT26,UDF_TEXT27,UDF_TEXT28,UDF_TEXT29,UDF_TEXT30,UDF_TEXT31,UDF31_MANDATORY,UDF31_ENUMERATION_CLASSIFIER,UDF_TEXT32,UDF32_MANDATORY,UDF32_ENUMERATION_CLASSIFIER,UDF_TEXT33,UDF33_MANDATORY,UDF33_ENUMERATION_CLASSIFIER,UDF_TEXT34,UDF34_MANDATORY,UDF34_ENUMERATION_CLASSIFIER,UDF_TEXT35,UDF35_MANDATORY,UDF35_ENUMERATION_CLASSIFIER,UDF_TEXT36,UDF36_MANDATORY,UDF36_ENUMERATION_CLASSIFIER,UDF_TEXT37,UDF37_MANDATORY,UDF37_ENUMERATION_CLASSIFIER,UDF_TEXT38,UDF38_MANDATORY,UDF38_ENUMERATION_CLASSIFIER,UDF_TEXT39,UDF39_MANDATORY,UDF39_ENUMERATION_CLASSIFIER,UDF_TEXT40,UDF40_MANDATORY,UDF40_ENUMERATION_CLASSIFIER,UDF_TEXT41,UDF41_MANDATORY,UDF41_ENUMERATION_CLASSIFIER,UDF_TEXT42,UDF42_MANDATORY,UDF42_ENUMERATION_CLASSIFIER,UDF_TEXT43,UDF43_MANDATORY,UDF43_ENUMERATION_CLASSIFIER,UDF_TEXT44,UDF44_MANDATORY,UDF44_ENUMERATION_CLASSIFIER,UDF_TEXT45,UDF45_MANDATORY,UDF45_ENUMERATION_CLASSIFIER,UDF_TEXT46,UDF46_MANDATORY,UDF46_ENUMERATION_CLASSIFIER,UDF_TEXT47,UDF47_MANDATORY,UDF47_ENUMERATION_CLASSIFIER,UDF_TEXT48,UDF48_MANDATORY,UDF48_ENUMERATION_CLASSIFIER,UDF1_ENUMERATION_CLASSIFIER,UDF2_ENUMERATION_CLASSIFIER,UDF3_ENUMERATION_CLASSIFIER,UDF4_ENUMERATION_CLASSIFIER,UDF5_ENUMERATION_CLASSIFIER,UDF6_ENUMERATION_CLASSIFIER,UDF7_ENUMERATION_CLASSIFIER,UDF8_ENUMERATION_CLASSIFIER,UDF9_ENUMERATION_CLASSIFIER,UDF10_ENUMERATION_CLASSIFIER,UDF11_ENUMERATION_CLASSIFIER,UDF12_ENUMERATION_CLASSIFIER,UDF13_ENUMERATION_CLASSIFIER,UDF14_ENUMERATION_CLASSIFIER,UDF15_ENUMERATION_CLASSIFIER,UDF16_ENUMERATION_CLASSIFIER,UDF17_ENUMERATION_CLASSIFIER,UDF18_ENUMERATION_CLASSIFIER,UDF19_ENUMERATION_CLASSIFIER,UDF20_ENUMERATION_CLASSIFIER,UDF21_ENUMERATION_CLASSIFIER,UDF22_ENUMERATION_CLASSIFIER,UDF23_ENUMERATION_CLASSIFIER,UDF24_ENUMERATION_CLASSIFIER,UDF25_ENUMERATION_CLASSIFIER,UDF26_ENUMERATION_CLASSIFIER,UDF27_ENUMERATION_CLASSIFIER,UDF28_ENUMERATION_CLASSIFIER,UDF29_ENUMERATION_CLASSIFIER,UDF30_ENUMERATION_CLASSIFIER,UDF1_MANDATORY,UDF2_MANDATORY,UDF3_MANDATORY,UDF4_MANDATORY,UDF5_MANDATORY,UDF6_MANDATORY,UDF7_MANDATORY,UDF8_MANDATORY,UDF9_MANDATORY,UDF10_MANDATORY,UDF11_MANDATORY,UDF12_MANDATORY,UDF13_MANDATORY,UDF14_MANDATORY,UDF15_MANDATORY,UDF16_MANDATORY,UDF17_MANDATORY,UDF18_MANDATORY,UDF19_MANDATORY,UDF20_MANDATORY,UDF21_MANDATORY,UDF22_MANDATORY,UDF23_MANDATORY,UDF24_MANDATORY,UDF25_MANDATORY,UDF26_MANDATORY,UDF27_MANDATORY,UDF28_MANDATORY,UDF29_MANDATORY,UDF30_MANDATORY,UDF_DATE1,UDF_DATE2,UDF_DATE1_MANDATORY,UDF_DATE2_MANDATORY,CREATED_AT,CREATED_BY,LAST_EDITED_AT,LAST_EDITED_BY,DISBURSEMENT_EFFECT
3,1,NBFC1,L101,Loans,INR,1,1,1,1,1,0,0,0,1,0,0,0,0,0,0,0,1,0,0,2,0,0,0,2,1,2,0,Secured,0.26,0.0,0.26,0.26,0.0,0.0,0,0.0,0,1,1,0,0,0,0,0,0,,1,0,90,1,0,0,0,0,L101IntInc,L101IntRcv,L101IntAccr,L101IntSus,L101PnlIntInc,L101PnlIntRcv,L101PnlIntAccr,L101PnlIntSus,Forfeit,Waiv,Cash,WriteOff,WriteOff,WriteOff,L101PnlIntInc,L101PnlIntRcv,L101PnlIntAccr,L101PnlIntSus,L101PnlIntWaiv,WriteOff,0.0,INR,Recovery,ProvisionReserve,ProvisionExpense,ProvisionIncome,ProvisionExpense,ProvisionIncome,SecurityDeposit,SecurityDeposit,L101IntWaiv,L101PnlIntWaiv,TdsRcv,IGST,CGST,SGST,UTGST,0,0,0,0,0,0,,,0,0,0,0,0,0,0,1.0,2,0.0,INR,2,1,2,0,0,1,6,1,1,1,0,1,1,1,1000.0,INR,100000.0,INR,0.0,INR,0,364,2,0,182,2,0,1,IPF-D,IPF-D,Others,1,0,0,0,0,0,0.0,0,0.0,0.0,INR,Business Channel,LTV,FOIR,Industry,Firm Name,Type of Mortgage,Method of Assessment,Additional source of Income,No of Family Members,Family Expenses,Bureau Score,Retailer/Wholesaler/Manufacturer/Services,Industry Segment,Type of Segment,Risk Matrix,Property,Property Value,Turnover,Deviation -1,Deviation -2,Deviation -3,Deviation -4,Deviation -5,Industry Sub_Segment,Purpose of loan,RestructuringOldestDueDemandNum,RestructuringDate,Sourcing Person Name,Anchor Name,Collateral Property Address,Collateral ID,0,,UDHYAM Aadhar No,0,,Invoice no,0,,Type of Property,0,,Bureau Score of Co-Applicant 1,0,,Bureau Score of Co-Applicant 2,0,,Deviation - 6,0,,Allocate To (RM/BM/ABM/BCM) Name,0,,EMP ID,0,,Superwiser Name,0,,Cluster Leader Name,0,,Lender,0,,,0,,,0,,,0,,,0,,,0,,,0,,,,,UdfText1,,,,UdfText,,,,UdfText7,UdfText4,UdfText5,UdfText6,,,,,,,,,UdfText3,UdfText2,,,,,,1,1,1,1,1,1,1,0,0,0,1,0,1,0,0,1,1,1,1,1,1,0,0,1,1,0,0,1,0,0,,,0,0,2020-05-25 08:28:56,admin,2022-05-06 11:20:03,sensei,0
141,4,NBFC1,101,Loans,INR,1,1,1,1,1,0,0,1,1,0,0,2,0,0,0,0,1,0,0,2,3,4,20,2,1,4,0,Secured,0.2,0.36,0.2,0.3,0.0,0.36,0,0.0,0,0,0,0,0,0,0,0,0,,2,0,90,1,0,0,0,0,101IntInc,101IntRcv,101IntAccr,101IntSus,101PnlIntInc,101PnlIntRcv,101PnlIntAccr,101PnlIntSus,Forfeit,Waiv,Cash,101PriWtOff,101IntWtOff,101PnlIntWtOff,101PnlIntInc,101PnlIntRcv,101PnlIntAccr,101PnlIntSus,101PnlIntWaiv,101PnlIntWtOff,0.0,INR,Recovery,ProvisionReserve,ProvisionExpense,ProvisionIncome,ProvisionExpense,ProvisionIncome,SecurityDeposit,SecurityDeposit,101IntWaiv,101PnlIntWaiv,TdsRcv,IGST,CGST,SGST,UTGST,4,0,0,1,0,0,,,0,0,1,0,0,0,0,1.0,2,0.0,INR,2,1,2,0,0,1,6,1,1,1,0,1,0,1,10000.0,INR,2000000.0,INR,10.0,INR,96,0,4,12,0,4,1,1,IPF-D,PIF-D,Others,1,0,0,0,0,0,0.0,0,0.0,0.0,INR,Business Channel,LTV,FOIR,Industry,Firm Name,Type of Mortgage,Method of Assessment,Additional source of Income,No of Family Members,Family Expenses,Bureau Score,Business Type,Industry Segment,Type of Segment,Risk Matrix,Property Type,Property Value,Annual Turnover,Deviation -1,Deviation -2,Deviation -3,Deviation -4,Deviation -5,Industry Sub_Segment,Purpose of loan,RestructuringOldestDueDemandNum,RestructuringDate,Sourcing Person Name,Arthan Mitra Name,Collateral Property Address,Collateral ID,0,,UDYAM Aadhar No,0,,,0,,Type of Property,0,,Bureau Score of Co-Applicant 1,0,,Bureau Score of Co-Applicant 2,0,,,0,,,0,,,0,,,0,,,0,,,0,,Nominee detail,0,,Area Sq. ft,0,,,0,,,0,,,0,,Mortgage Registration No,0,,Business Channel,,,Industry Segment,,Type of Mortgage,Method of Assessment,,,,,UdfText7,Industry Segment,UdfText5,UdfText6,CollateralType,,,,,,,,Sub Segment,UdfText2,,,,,,1,1,1,1,1,1,1,1,0,0,1,1,1,0,0,1,1,1,1,1,1,0,0,1,1,0,0,1,0,0,Date of Execution,,0,0,2020-05-26 09:54:23,admin,2023-03-06 17:53:29,sensei,3
143,5,NBFC1,201,Loans,INR,1,1,1,1,1,0,0,1,1,0,0,2,0,0,0,0,1,0,0,2,3,4,20,2,1,4,0,Secured,0.22,0.36,0.2,0.28,0.0,0.36,0,0.0,0,0,0,0,0,0,0,0,0,,2,0,90,1,0,0,0,0,201IntInc,201IntRcv,201IntAccr,201IntSus,201PnlIntInc,201PnlIntRcv,201PnlIntAccr,201PnlIntSus,Forfeit,Waiv,Cash,101PriWtOff,201IntWtOff,201PnlIntWtOff,201PnlIntInc,201PnlIntRcv,201PnlIntAccr,201PnlIntSus,201PnlIntWaiv,201PnlIntWtOff,0.0,INR,Recovery,ProvisionReserve,ProvisionExpense,ProvisionIncome,ProvisionExpense,ProvisionIncome,SecurityDeposit,SecurityDeposit,201IntWaiv,201PnlIntWaiv,TdsRcv,IGST,CGST,SGST,UTGST,4,0,0,1,0,0,,,0,0,1,0,0,0,0,1.0,2,0.0,INR,2,1,2,0,0,1,6,1,1,1,0,1,0,1,50000.0,INR,2000000.0,INR,10.0,INR,85,0,4,9,0,4,1,1,IPF-D,PIF-D,Others,1,0,0,0,0,0,0.0,0,0.0,0.0,INR,Business Channel,LTV,FOIR,Industry,Firm Name,Type of Mortgage,Method of Assessment,Additional source of Income,No of Family Members,Family Expenses,Bureau Score,Business Type,Industry Segment,Type of Segment,Risk Matrix,Property Type,Property Value,Annual Turnover,Deviation -1,Deviation -2,Deviation -3,Deviation -4,Deviation -5,Industry Sub_Segment,Purpose of loan,,,Sourcing Person Name,Arthan Mitra Name,Collateral Property Address,Collateral ID,0,,UDYAM Aadhar No,0,,,0,,Type of Property,0,,Bureau Score of Co-Applicant 1,0,,Bureau Score of Co-Applicant 2,0,,,0,,,0,,,0,,,0,,,0,,,0,,Nominee detail,0,,Area Sq. ft,0,,,0,,,0,,,0,,Mortgage Registration No,0,,Business Channel,,,Industry Segment,,Type of Mortgage,Method of Assessment,,,,,UdfText7,Industry Segment,UdfText5,UdfText6,CollateralType,,,,,,,,Sub Segment,UdfText2,,,,,,1,1,1,1,1,1,1,0,0,0,1,0,1,0,0,1,1,1,1,1,1,0,0,1,1,0,0,1,0,0,Date of Execution,,0,0,2020-05-26 09:57:03,admin,2023-03-06 17:53:08,sensei,3
76,6,NBFC1,301,Loans,INR,1,1,1,1,1,0,0,1,1,0,0,2,0,0,0,0,1,0,0,2,3,4,20,2,1,4,0,Secured,0.24,0.36,0.24,0.42,0.0,0.36,0,0.0,0,0,0,0,0,0,0,0,0,,2,0,90,1,0,0,0,0,301IntInc,301IntRcv,301IntAccr,301IntSus,301PnlIntInc,301PnlIntRcv,301PnlIntAccr,301PnlIntSus,Forfeit,Waiv,Cash,301PriWtOff,301IntWtOff,301PnlIntWtOff,301PnlIntInc,301PnlIntRcv,301PnlIntAccr,301PnlIntSus,301PnlIntWaiv,301PnlIntWtOff,0.0,INR,Recovery,ProvisionReserve,ProvisionExpense,ProvisionIncome,ProvisionExpense,ProvisionIncome,SecurityDeposit,SecurityDeposit,301IntWaiv,301PnlIntWaiv,TdsRcv,IGST,CGST,SGST,UTGST,4,0,0,1,0,0,,,0,0,1,0,0,0,0,1.0,2,0.0,INR,2,1,2,0,0,1,6,1,1,1,0,1,0,1,100000.0,INR,300000.0,INR,10.0,INR,36,0,4,1,0,4,0,1,IPF-D,PIF-D,Others,1,0,0,0,0,0,0.0,0,0.0,0.0,INR,Business Channel,,FOIR,Industry,Firm Name,,Method of Assessment,Additional source of Income,No of Family Members,Family Expenses,Bureau Score,Business Type,Industry Segment,Type of Segment,Risk Matrix,,,Annual Turnover,Deviation -1,Deviation -2,Deviation -3,Deviation -4,Deviation -5,Industry Sub_Segment,Purpose of loan,RestructuringOldestDueDemandNum,RestructuringDate,Sourcing Person Name,,,,0,,UDHYAM Aadhar No,0,,,0,,,0,,Bureau Score of Co-Applicant 1,0,,Bureau Score of Co-Applicant 2,0,,,0,,,0,,,0,,,0,,,0,,,0,,Nominee detail,0,,,0,,,0,,,0,,,0,,,0,,Business Channel,,,Industry Segment,,,Method of Assessment,,,,,UdfText7,Industry Segment,UdfText5,UdfText6,,,,,,,,,Sub Segment,UdfText2,,,,,,1,0,1,1,1,0,1,0,0,0,1,0,1,0,0,0,0,1,1,1,1,0,0,1,1,0,0,1,0,0,,,0,0,2020-05-26 09:58:54,admin,2023-01-24 13:17:18,sensei,1
114,7,NBFC1,401,Loans,INR,1,1,1,1,1,0,0,1,1,0,0,2,0,0,0,0,1,0,0,0,3,0,0,1000,1,1,0,Secured,0.18,0.36,0.18,0.42,0.0,0.37,0,0.0,0,1,1,0,0,0,0,0,0,,1,0,90,1,0,0,0,0,401IntInc,401IntRcv,401IntAccr,401IntSus,401PnlIntInc,401PnlIntRcv,401PnlIntAccr,401PnlIntSus,Forfeit,Waiv,Cash,401PriWtOff,401IntWtOff,401PnlIntWtOff,401PnlIntInc,401PnlIntRcv,401PnlIntAccr,401PnlIntSus,401PnlIntWaiv,401PnlIntWtOff,0.0,INR,Recovery,ProvisionReserve,ProvisionExpense,ProvisionIncome,ProvisionExpense,ProvisionIncome,SecurityDeposit,SecurityDeposit,401IntWaiv,401PnlIntWaiv,TdsRcv,IGST,CGST,SGST,UTGST,2,0,0,0,0,0,,,0,0,2,0,0,0,0,1.0,2,0.0,INR,2,1,2,0,0,1,6,1,1,1,0,1,0,1,100.0,INR,20000000.0,INR,10.0,INR,0,365,1,0,1,1,0,0,IPF-D,PIF-D,Others,1,0,0,0,0,0,0.0,0,0.0,0.0,INR,Business Channel,,,Industry,Firm Name,,,,,,Bureau Score,Business Type,Industry Segment,Type of Segment,Risk Matrix,,,,,,,,,Industry Sub_Segment,Purpose of loan,,,Partner Name,Anchor Name,,,0,,,0,,Invoice no,0,,,0,,,0,,,0,,,0,,,0,,,0,,,0,,,0,,,0,,,0,,,0,,,0,,,0,,,0,,,0,,Business Channel,,,Industry Segment,,,,,,,,UdfText7,Industry Segment,UdfText5,UdfText6,,,,,,,,,Sub Segment,UdfText2,,,Partnername401,Anchorname401,,0,0,0,1,1,0,0,0,0,0,1,1,1,1,1,0,0,0,0,0,0,0,0,1,1,0,0,1,1,0,,,0,0,2020-07-20 04:20:22,sensei,2023-02-02 12:55:55,0361,0
65,8,NBFC1,501,Loans,INR,1,1,1,1,1,0,0,1,1,0,0,2,0,0,0,0,1,0,0,0,3,0,0,2,1,1,0,Secured,0.36,0.0,0.12,0.42,0.0,0.0,0,0.0,0,0,0,0,0,0,0,0,0,,1,0,90,1,0,0,0,0,501IntInc,501IntRcv,501IntAccr,501IntSus,501PnlIntInc,501PnlIntRcv,501PnlIntAccr,501PnlIntSus,Forfeit,Waiv,Cash,501PriWtOff,501IntWtOff,501PnlIntWtOff,501PnlIntInc,501PnlIntRcv,501PnlIntAccr,501PnlIntSus,501PnlIntWaiv,501PnlIntWtOff,0.0,INR,Recovery,ProvisionReserve,ProvisionExpense,ProvisionIncome,ProvisionExpense,ProvisionIncome,SecurityDeposit,SecurityDeposit,501IntWaiv,501PnlIntWaiv,TdsRcv,IGST,CGST,SGST,UTGST,1,0,0,0,0,0,,,0,0,2,0,0,0,0,1.0,2,0.0,INR,2,1,2,0,0,1,6,1,1,1,0,1,0,1,5000.0,INR,2000000.0,INR,10.0,INR,0,1825,1,0,1,1,0,1,IPF-D,PIF-D,Others,1,0,0,0,0,0,0.0,0,0.0,0.0,INR,Business Channel,,,Industry,Firm Name,,,,,,Bureau Score,Business Type,Industry Segment,Type of Segment,Risk Matrix,,,,,,,,,Industry Sub_Segment,Purpose of loan,,,Partner Name,Anchor Name,,,0,,,0,,Invoice no,1,,,0,,,0,,,0,,,0,,,0,,,0,,,0,,,0,,,0,,,0,,,0,,,0,,,0,,,0,,,0,,Business Channel,,,Industry Segment,,,,,,,BureauScore501,UdfText7,Industry Segment,UdfText5,UdfText6,,,,,,,,,Sub Segment,UdfText2,,,Partnername501,Partnername501,,1,0,0,1,1,0,0,0,0,0,1,1,1,1,1,0,0,0,0,0,0,0,0,1,1,0,0,1,1,0,,,0,0,2020-10-14 16:27:44,vuser,2023-02-08 15:18:09,0361,0
38,9,NBFC1,502,Loans,INR,1,1,1,1,1,0,0,1,1,0,0,2,0,0,0,0,1,0,0,0,3,0,0,2,1,2,0,Secured,0.48,0.36,0.12,0.48,0.0,0.36,0,0.0,0,0,0,0,0,0,0,0,0,,1,0,90,1,0,0,0,0,502IntInc,502IntRcv,502IntAccr,502IntSus,502PnlIntInc,502PnlIntRcv,502PnlIntAccr,502PnlIntSus,Forfeit,Waiv,Cash,502PriWtOff,502IntWtOff,502PnlIntWtOff,502PnlIntInc,502PnlIntRcv,502PnlIntAccr,502PnlIntSus,502PnlIntWaiv,502PnlIntWtOff,0.0,INR,Recovery,ProvisionReserve,ProvisionExpense,ProvisionIncome,ProvisionExpense,ProvisionIncome,SecurityDeposit,SecurityDeposit,502IntWaiv,502PnlIntWaiv,TdsRcv,IGST,CGST,SGST,UTGST,1,0,0,0,0,0,,,0,0,2,0,0,0,0,1.0,2,0.0,INR,2,1,2,0,0,1,6,1,1,1,0,1,0,1,5000.0,INR,2000000.0,INR,10.0,INR,0,1827,2,0,7,2,0,1,IPF-D,PIF-D,Others,1,0,0,0,0,0,0.0,0,0.0,0.0,INR,Business Channel,,,Industry,Firm Name,,Method of Assessment,Additional source of Income,No of Family Members,Family Expenses,Bureau Score,Business Type,Industry Segment,Type of Segment,Risk Matrix,,,Turnover,Deviation -1,Deviation -2,Deviation -3,,,Industry Sub_Segment,Purpose of loan,RestructuringOldestDueDemandNum,RestructuringDate,Sourcing Person Name,Anchor Name,,,0,,,0,,Invoice no,0,,,0,,,0,,,0,,,0,,,0,,,0,,,0,,,0,,,0,,,0,,,0,,,0,,,0,,,0,,,0,,,,,,,,,,,,,UdfText7,,UdfText5,UdfText6,,,,,,,,,,UdfText2,,,,,,1,0,0,1,1,0,1,0,0,0,1,0,1,0,0,0,0,1,1,1,1,0,0,1,1,0,0,1,0,0,,,0,0,2020-10-14 16:34:42,vuser,2022-12-15 13:13:29,sensei,0
41,10,NBFC1,503,Loans,INR,1,1,1,1,1,0,0,1,1,0,0,2,0,0,0,0,1,0,0,0,3,0,0,2,1,3,0,Secured,0.48,0.36,0.12,0.48,0.0,0.36,0,0.0,0,0,0,0,0,0,0,0,0,,1,0,90,1,0,0,0,0,503IntInc,503IntRcv,503IntAccr,503IntSus,503PnlIntInc,503PnlIntRcv,503PnlIntAccr,503PnlIntSus,Forfeit,Waiv,Cash,503PriWtOff,503IntWtOff,503PnlIntWtOff,503PnlIntInc,503PnlIntRcv,503PnlIntAccr,503PnlIntSus,503PnlIntWaiv,503PnlIntWtOff,0.0,INR,Recovery,ProvisionReserve,ProvisionExpense,ProvisionIncome,ProvisionExpense,ProvisionIncome,SecurityDeposit,SecurityDeposit,503IntWaiv,503PnlIntWaiv,TdsRcv,IGST,CGST,SGST,UTGST,1,0,0,0,0,0,,,0,0,2,0,0,0,0,1.0,2,0.0,INR,2,1,2,0,0,1,6,1,1,1,0,1,0,1,5000.0,INR,2000000.0,INR,10.0,INR,0,1820,3,0,14,3,0,1,IPF-D,PIF-D,Others,1,0,0,0,0,0,0.0,0,0.0,0.0,INR,Business Channel,,,Industry,Firm Name,,Method of Assessment,Additional source of Income,,,Bureau Score,Business Type,Industry Segment,Type of Segment,Risk Matrix,,,,Deviation -1,Deviation -2,Deviation -3,,,Industry Sub_Segment,Purpose of loan,RestructuringOldestDueDemandNum,RestructuringDate,Sourcing Person Name,Anchor Name,,,0,,,0,,Invoice no,0,,,0,,,0,,,0,,,0,,,0,,,0,,,0,,,0,,,0,,,0,,,0,,,0,,,0,,,0,,,0,,Business Channel,,,Industry Segment,,,,,,,,UdfText7,Industry Segment,UdfText5,UdfText6,,,,,,,,,Sub Segment,UdfText2,,,,,,1,0,0,1,1,0,1,0,0,0,1,0,1,0,0,0,0,0,1,1,1,0,0,1,1,0,0,1,0,0,,,0,0,2020-10-14 16:36:21,vuser,2022-12-15 14:06:01,sensei,0
79,11,NBFC1,504,Loans,INR,1,1,1,1,1,0,0,0,1,0,0,2,0,0,0,0,1,0,0,2,3,4,20,2,1,4,0,Secured,0.24,0.18,0.12,0.42,0.0,0.36,0,0.0,0,0,0,0,0,0,0,0,0,,2,0,90,1,0,0,0,0,504IntInc,504IntRcv,504IntAccr,504IntSus,504PnlIntInc,504PnlIntRcv,504PnlIntAccr,504PnlIntSus,Forfeit,Waiv,Cash,504PriWtOff,504IntWtOff,504PnlIntWtOff,504PnlIntInc,504PnlIntRcv,504PnlIntAccr,504PnlIntSus,504PnlIntWaiv,504PnlIntWtOff,0.0,INR,Recovery,ProvisionReserve,ProvisionExpense,ProvisionIncome,ProvisionExpense,ProvisionIncome,SecurityDeposit,SecurityDeposit,504IntWaiv,504PnlIntWaiv,TdsRcv,IGST,CGST,SGST,UTGST,1,0,0,0,0,0,,,0,0,2,0,0,0,0,1.0,2,0.0,INR,2,1,2,0,0,1,6,1,1,1,0,1,0,1,2000.0,INR,2000000.0,INR,10.0,INR,60,0,4,1,0,4,0,1,IPF-D,PIF-D,Others,1,0,0,0,0,0,0.0,0,0.0,0.0,INR,Business Channel,,,Industry,Firm Name,,,,,,Bureau Score,Business Type,Industry Segment,Type of Segment,Risk Matrix,,,,,,,,,Industry Sub_Segment,Purpose of loan,,,Partner Name,Anchor Name,,,0,,,0,,Invoice no,0,,,0,,,0,,,0,,,0,,,0,,,0,,,0,,,0,,,0,,,0,,,0,,,0,,,0,,,0,,,0,,Business Channel,,,Industry Segment,,,,,,,,UdfText7,Industry Segment,UdfText5,UdfText6,,,,,,,,,Sub Segment,UdfText2,,,Partnername504,Anchorname504,,1,0,0,1,1,0,0,0,0,0,1,1,1,1,1,0,0,0,0,0,0,0,0,1,1,0,0,1,1,0,,,0,0,2020-10-14 16:38:27,vuser,2023-01-24 11:45:10,sensei,0
53,12,NBFC1,505,Loans,INR,1,1,1,1,1,0,0,0,1,0,0,2,0,0,0,0,1,0,0,0,0,4,20,2,1,4,0,Secured,0.29,0.03,0.2,0.42,0.0,0.03,0,0.0,0,0,0,0,0,0,0,0,0,,2,0,90,1,0,0,0,0,505PnlIntInc,505IntRcv,505IntAccr,505IntSus,505PnlIntInc,505PnlIntRcv,505PnlIntAccr,505PnlIntSus,Forfeit,Waiv,Cash,505PriWtOff,505IntWtOff,505PnlIntWtOff,505PnlIntInc,505PnlIntRcv,505PnlIntAccr,505PnlIntSus,505PnlIntWaiv,505PnlIntWtOff,0.0,INR,Recovery,ProvisionReserve,ProvisionExpense,ProvisionIncome,ProvisionExpense,ProvisionIncome,SecurityDeposit,SecurityDeposit,505IntWaiv,505PnlIntWaiv,TdsRcv,IGST,CGST,SGST,UTGST,0,0,0,0,0,0,,,0,0,0,0,0,0,0,1.0,2,0.0,INR,2,1,2,0,0,1,6,1,1,1,0,1,0,1,15000.0,INR,250000.0,INR,10.0,INR,36,0,4,2,0,4,0,1,IPF-D,PIF-D,Others,1,0,0,0,0,0,0.0,0,0.0,0.0,INR,Business Channel,,FOIR,Industry,Firm Name,,Method of Assessment,Additional source of Income,No of Family Members,Family Expenses,Bureau Score,Business Type,Industry Segment,Type of Segment,Risk Matrix,,,Annual Turnover,Deviation -1,Deviation -2,Deviation -3,Deviation -4,Deviation -5,Industry Sub_Segment,Purpose of loan,,,Partner Name,Anchor Name,,,0,,UDHYAM Aadhar No,0,,,0,,,0,,Bureau Score of Co-Applicant 1,0,,Bureau Score of Co-Applicant 2,0,,,0,,,0,,,0,,,0,,,0,,,0,,,0,,,0,,,0,,,0,,,0,,,0,,Business Channel,,,Industry Segment,,,,,,,,UdfText7,Industry Segment,UdfText5,UdfText6,,,,,,,,,Sub Segment,UdfText2,,,Partnername505,Partnername505,,0,0,1,1,1,0,1,1,1,1,1,1,1,1,1,0,0,1,0,0,0,0,0,1,1,0,0,1,1,0,,,0,0,2021-01-18 13:52:59,vuser,2022-12-16 12:14:49,sensei,1
57,13,NBFC1,402,Loans,INR,1,1,1,1,1,0,0,1,1,0,0,2,0,0,0,0,1,0,2,0,0,0,0,1000,1,1,0,Secured,0.06,0.36,0.06,0.42,0.0,0.36,0,0.0,0,1,1,0,0,0,0,0,0,,1,0,90,1,0,0,0,0,402IntInc,402IntRcv,402IntAccr,402IntSus,402PnlIntInc,402PnlIntRcv,402PnlIntAccr,402PnlIntSus,Forfeit,Waiv,Cash,402PriWtOff,402IntWtOff,402PnlIntWtOff,402PnlIntInc,402PnlIntRcv,402PnlIntAccr,402PnlIntSus,402PnlIntWaiv,402PnlIntWtOff,0.0,INR,Recovery,ProvisionReserve,ProvisionExpense,ProvisionIncome,ProvisionExpense,ProvisionIncome,SecurityDeposit,SecurityDeposit,402IntWaiv,402PnlIntWaiv,TdsPay,IGST,CGST,SGST,UTGST,1,0,0,0,0,0,,,0,0,2,0,0,0,0,1.0,2,0.0,INR,2,1,2,0,0,1,6,1,1,1,0,1,0,1,0.0,INR,10000000.0,INR,10.0,INR,0,90,1,0,5,1,0,0,IPF-D,PIF-D,Others,1,0,0,0,0,0,0.0,0,0.0,0.0,INR,Business Channel,,,Industry,Firm Name,,,,,,Bureau Score,Business Type,Industry Segment,Type of Segment,Risk Matrix,,,,,,,,,Industry Sub_Segment,Purpose of loan,,,Partner Name,Anchor Name,,,0,,UDYAM Aadhar No,1,,Invoice no,0,,,0,,,0,,,0,,,0,,,0,,,0,,,0,,,0,,,0,,,0,,,0,,,0,,,0,,,0,,,0,,Business Channel,,,Industry Segment,,,,,,,,UdfText7,Industry Segment,UdfText5,UdfText6,,,,,,,,,Sub Segment,UdfText2,,,Partnername402,Partnername402,,0,0,0,1,1,0,0,0,0,0,1,1,1,1,1,0,0,0,0,0,0,0,0,1,1,0,0,1,1,0,,,0,0,2021-05-11 18:39:01,sensei,2023-02-17 15:46:54,0361,1
40,14,NBFC1,302,Loans,INR,1,1,1,1,1,0,0,0,1,0,0,2,0,0,0,0,1,0,0,0,0,4,20,2,1,4,0,Secured,0.29,0.03,0.2,0.42,0.0,0.03,0,0.0,0,0,0,0,0,0,0,0,0,,2,0,90,1,0,0,0,0,302IntInc,302IntRcv,302IntAccr,302IntSus,302PnlIntInc,302PnlIntRcv,302PnlIntAccr,302PnlIntSus,Forfeit,Waiv,Cash,302PriWtOff,301PriWtOff,302PnlIntWtOff,302PnlIntInc,302PnlIntRcv,302PnlIntAccr,302PnlIntSus,302PnlIntWaiv,302PnlIntWtOff,0.0,INR,Recovery,ProvisionReserve,ProvisionExpense,ProvisionIncome,ProvisionExpense,ProvisionIncome,SecurityDeposit,SecurityDeposit,302IntWaiv,302PnlIntWaiv,TdsRcv,IGST,CGST,SGST,UTGST,0,0,0,0,0,0,,,0,0,0,0,0,0,0,1.0,2,0.0,INR,2,1,2,0,0,1,6,1,1,1,0,1,0,1,20000.0,INR,200000.0,INR,10.0,INR,24,0,4,1,0,4,0,1,IPF-D,PIF-D,Jewelry,1,0,0,0,0,0,0.0,0,0.0,0.0,INR,Business Channel,,FOIR,Industry,Firm Name,,Method of Assessment,Additional source of Income,No of Family Members,Family Expenses,Bureau Score,Business Type,Industry Segment,Type of Segment,Risk Matrix,,,Annual Turnover,Deviation -1,Deviation -2,Deviation -3,Deviation -4,Deviation -5,Industry Sub_Segment,Purpose of loan,,,Sourcing Person Name,,,,0,,UDYAM Aadhar No,0,,,0,,,0,,Bureau Score of Co-Applicant 1,0,,Bureau Score of Co-Applicant 2,0,,,0,,,0,,,0,,,0,,,0,,,0,,Nominee detail,0,,,0,,,0,,,0,,,0,,,0,,Business Channel,,,Industry Segment,,,Method of Assessment,,,,,UdfText7,Industry Segment,UdfText5,UdfText6,,,,,,,,,Sub Segment,UdfText2,,,,,,1,0,1,1,1,0,1,0,0,0,1,1,1,0,0,0,0,0,0,0,0,0,0,0,1,0,0,1,0,0,,,0,0,2021-08-30 11:24:26,sensei,2022-12-19 11:08:50,sensei,1
17,15,NBFC1,303,Loans,INR,1,1,1,1,1,0,0,0,1,0,0,2,0,0,0,0,1,0,0,0,0,"4,20",20,2,1,3,0,Secured,0.29,0.03,0.2,0.36,0.0,0.03,0,0.0,0,0,0,0,0,0,0,0,0,,2,0,90,1,0,0,0,0,303IntInc,303IntRcv,303IntAccr,303IntSus,303PnlIntInc,303PnlIntRcv,303PnlIntAccr,303PnlIntSus,Forfeit,Waiv,Cash,303PriWtOff,303IntWtOff,303PnlIntWtOff,303PnlIntInc,303PnlIntRcv,303PnlIntAccr,303PnlIntSus,303PnlIntWaiv,303PnlIntWtOff,0.0,INR,Recovery,ProvisionReserve,ProvisionExpense,ProvisionIncome,ProvisionExpense,ProvisionIncome,SecurityDeposit,SecurityDeposit,303IntWaiv,303PnlIntWaiv,TdsRcv,IGST,CGST,SGST,UTGST,0,0,0,0,0,0,,,0,0,0,0,0,0,0,1.0,2,0.0,INR,2,1,2,0,0,1,6,1,1,1,0,1,0,1,20000.0,INR,200000.0,INR,10.0,INR,0,714,3,0,28,3,0,1,IPF-D,PIF-D,Jewelry,1,0,0,0,0,0,0.0,0,0.0,0.0,INR,Business Channel,LTV,FOIR,Industry,Firm Name,Type of Mortgage,Method of Assessment,Additional source of Income,No of Family Members,Family Expenses,Bureau Score,Retailer/Wholesaler/Manufacturer/Services,Industry Segment,Type of Segment,Risk Matrix,Property,Property Value,Annual Turnover,Deviation -1,Deviation -2,Deviation -3,Deviation -4,Deviation -5,Industry Sub_Segment,Purpose of loan,RestructuringOldestDueDemandNum,RestructuringDate,Sourcing Person Name,Anchor Name,Collateral Property Address,Collateral ID,0,,UDHYAM Aadhar No,0,,Invoice no,0,,Type of Property,0,,Bureau Score of Co-Applicant 1,0,,Bureau Score of Co-Applicant 2,0,,Deviation - 6,0,,Allocate To (RM/BM/ABM/BCM) Name,0,,EMP ID,0,,Superwiser Name,0,,Cluster Leader Name,0,,Lender,0,,,0,,,0,,,0,,,0,,,0,,,0,,,,,,,,,,,,,UdfText7,,UdfText5,UdfText6,,,,,,,,,,UdfText2,,,,,,1,1,1,1,1,1,1,0,0,0,1,0,1,0,0,1,1,1,1,1,1,0,0,1,1,0,0,1,0,0,,,0,0,2021-08-30 11:27:23,sensei,2022-12-15 12:48:36,sensei,0
24,16,NBFC1,601,Loans,INR,1,1,1,1,1,0,0,0,1,0,0,2,0,0,0,0,1,0,0,0,0,0,0,2,1,1,0,Secured,0.18153,0.0,0.12,0.42,0.0,0.0,0,0.0,0,0,0,0,0,0,0,0,0,,1,0,90,1,0,0,2,0,601IntInc,601IntRcv,601IntAccr,601IntSus,601PnlIntInc,601PnlIntRcv,601PnlIntAccr,601PnlIntSus,Forfeit,Waiv,Cash,601PriWtOff,601IntWtOff,601PnlIntWtOff,601PnlIntInc,601PnlIntRcv,601PnlIntAccr,601PnlIntSus,601PnlIntWaiv,601PnlIntWtOff,0.0,INR,Recovery,ProvisionReserve,ProvisionExpense,ProvisionIncome,ProvisionExpense,ProvisionIncome,SecurityDeposit,SecurityDeposit,601IntWaiv,601PnlIntWaiv,TdsRcv,IGST,CGST,SGST,UTGST,0,0,0,0,0,0,,,0,0,2,0,0,0,0,1.0,2,0.0,INR,2,1,2,0,0,1,6,1,1,1,0,1,0,1,5000.0,INR,2000000.0,INR,10.0,INR,0,1825,1,0,1,1,0,1,IPF-D,PIF-D,Others,1,0,0,0,0,0,0.0,0,0.0,0.0,INR,Business Channel,,,Industry,Firm Name,,,,,,Bureau Score,Business Type,Industry Segment,Type of Segment,Risk Matrix,,,,,,,,,Industry Sub_Segment,,,,Partner Name,Anchor Name,,,0,,,0,,Invoice No,0,,,0,,,0,,,0,,,0,,,0,,,0,,,0,,,0,,,0,,,0,,,0,,,0,,,0,,,0,,,0,,Business Channel,,,Industry Segment,,,,,,,,UdfText7,Industry Segment,UdfText5,UdfText6,,,,,,,,,Sub Segment,,,,Partnername601,Anchorname601,,1,0,0,1,1,0,0,0,0,0,1,1,1,1,1,0,0,0,0,0,0,0,0,1,0,0,0,1,1,0,,,0,0,2022-03-03 16:39:22,sensei,2022-11-24 20:03:01,sensei,0
33,17,NBFC1,403,Loans,INR,1,1,1,1,1,0,0,0,1,1,0,2,0,0,0,0,1,0,0,0,0,1,0,2,1,4,0,Secured,0.18,0.0,0.18,0.42,0.0,0.0,0,0.0,0,0,0,0,0,0,0,0,0,,2,0,90,1,0,0,1,0,403IntInc,403IntRcv,403IntAccr,403IntSus,403PnlIntInc,403PnlIntRcv,403PnlIntAccr,403PnlIntSus,Forfeit,Waiv,Cash,403PriWtOff,403IntWtOff,403PnlIntWtOff,403PnlIntInc,403PnlIntRcv,403PnlIntAccr,403PnlIntSus,403PnlIntWaiv,403PnlIntWtOff,0.0,INR,Recovery,ProvisionReserve,ProvisionExpense,ProvisionIncome,ProvisionExpense,ProvisionIncome,SecurityDeposit,SecurityDeposit,403IntWaiv,403PnlIntWaiv,TdsRcv,IGST,CGST,SGST,UTGST,1,0,0,0,0,0,,,0,0,2,0,0,0,3,1.0,2,0.0,INR,2,1,2,0,0,1,6,1,1,1,0,1,0,1,1000.0,INR,2000000.0,INR,10.0,INR,12,0,4,1,0,4,0,2,IPF-D,PIF-D,Jewelry,1,0,0,0,0,0,0.0,0,0.0,0.0,INR,Business Channel,,,Industry,Firm Name,,,,,,Bureau Score,Business Type,Industry Segment,Type of Segment,Risk Matrix,,,,,,,,,Industry Sub_Segment,Purpose of loan,,,Partner Name,Anchor Name,,,0,,,0,,Invoice no,0,,,0,,,0,,,0,,,0,,,0,,,0,,,0,,,0,,,0,,,0,,,0,,,0,,,0,,,0,,,0,,Business Channel,,,Industry Segment,,,,,,,,UdfText7,Industry Segment,UdfText5,UdfText6,,,,,,,,,Sub Segment,UdfText2,,,Partnername403,Anchorname403,,1,0,0,1,1,0,0,0,0,0,1,1,1,1,1,0,0,0,0,0,0,0,0,1,1,0,0,1,1,0,,,0,0,2022-04-18 18:04:47,sensei,2023-01-24 11:35:45,sensei,0
12,18,NBFC1,602,Loans,INR,1,1,1,1,1,0,0,1,1,0,0,2,0,0,0,0,1,0,0,0,0,0,0,1000,1,1,0,Secured,0.06,0.0,0.06,0.42,0.0,0.0,0,0.0,0,1,1,0,0,0,0,0,0,,1,0,90,1,0,0,0,0,602IntInc,602IntRcv,602IntAccr,602IntSus,602PnlIntInc,602PnlIntRcv,602PnlIntAccr,602PnlIntSus,Forfeit,Waiv,Cash,602PriWtOff,602IntWtOff,602PnlIntWtOff,602PnlIntInc,602PnlIntRcv,602PnlIntAccr,602PnlIntSus,602PnlIntWaiv,602PnlIntWtOff,0.0,INR,Recovery,ProvisionReserve,ProvisionExpense,ProvisionIncome,ProvisionExpense,ProvisionIncome,SecurityDeposit,SecurityDeposit,602IntWaiv,602PnlIntWaiv,TdsRcv,IGST,CGST,SGST,UTGST,1,0,0,0,0,0,,,0,0,2,0,0,0,3,1.0,2,0.0,INR,2,1,2,0,0,1,6,1,1,1,0,1,0,1,0.0,INR,10000000.0,INR,10.0,INR,0,90,1,0,5,1,0,0,IPF-D,PIF-D,Others,1,0,0,0,0,0,0.0,0,0.0,0.0,INR,Business Channel,,,Industry,Firm Name,,,,,,Bureau Score,Business Type,Industry Segment,Type of Segment,Risk Matrix,,,,,,,,,Industry Sub_Segment,Purpose of loan,,,Partner Name,Anchor Name,,,0,,,0,,Invoice no,0,,,0,,,0,,,0,,,0,,,0,,,0,,,0,,,0,,,0,,,0,,,0,,,0,,,0,,,0,,,0,,Business Channel,,,Industry Segment,,,,,,,,UdfText7,Industry Segment,UdfText5,UdfText6,,,,,,,,,Sub Segment,UdfText2,,,Partnername402,Partnername402,,0,0,0,1,1,0,0,0,0,0,1,1,1,1,1,0,0,0,0,0,0,0,0,1,1,0,0,1,1,0,,,0,0,2022-07-06 16:20:36,sensei,2022-12-15 14:37:12,sensei,0
32,19,NBFC1,603,Loans,INR,1,1,1,1,1,0,0,0,1,0,0,2,0,0,0,0,1,0,0,2,3,4,20,2,1,4,0,Secured,0.23,0.36,0.22,0.42,0.35,0.37,1,0.23,0,0,0,0,0,0,0,0,0,,2,0,90,1,0,0,0,0,603IntInc,603IntRcv,603IntAccr,603IntSus,603PnlIntInc,603PnlIntRcv,603PnlIntAccr,603PnlIntSus,Forfeit,Waiv,Cash,603PriWtOff,603IntWtOff,603PnlIntWtOff,603PnlIntInc,603PnlIntRcv,603PnlIntAccr,603PnlIntSus,603PnlIntWaiv,603PnlIntWtOff,0.0,INR,Recovery,ProvisionReserve,ProvisionExpense,ProvisionIncome,ProvisionExpense,ProvisionIncome,SecurityDeposit,SecurityDeposit,603IntWaiv,603PnlIntWaiv,TdsRcv,IGST,CGST,SGST,UTGST,4,0,0,0,0,0,,,0,0,2,0,0,0,0,1.0,2,0.0,INR,2,1,2,0,0,1,6,1,1,1,0,1,0,1,1.0,INR,20000.0,INR,10.0,INR,12,0,4,1,0,4,0,1,IPF-D,PIF-D,Jewelry,1,0,0,0,0,0,0.0,0,0.0,0.0,INR,Business Channel,,,Industry,,,,,,,Bureau Score,Business Type,Industry Segment,Type of Segment,Risk Matrix,,,,Deviation -1,,,,,Industry Sub_Segment,Purpose of loan,,,Partner Name,Anchor Name,,,0,,,0,,Invoice no,1,,,0,,,0,,,0,,,0,,,0,,,0,,,0,,,0,,,0,,,0,,,0,,,0,,,0,,,0,,,0,,Business Channel,,,Industry Segment,,,,,,,,UdfText7,Industry Segment,UdfText5,UdfText6,,,,,,,,,Sub Segment,UdfText2,,,Partnername603,Anchorname603,,1,0,0,1,0,0,0,0,0,0,1,1,1,1,1,0,0,0,1,0,0,0,0,1,1,0,0,1,1,0,,,0,0,2022-09-30 17:16:49,sensei,2023-01-24 11:46:09,sensei,0
17,20,NBFC1,604,Loans,INR,1,1,1,1,1,0,0,1,1,0,0,2,0,0,0,0,1,0,0,0,1,0,0,2,1,1,0,Secured,0.24,0.0,0.12,0.42,0.0,0.0,0,0.0,0,0,0,0,0,0,0,0,0,,1,0,90,1,0,3,0,0,604IntInc,604IntRcv,604IntAccr,604IntSus,604PnlIntInc,604PnlIntRcv,604PnlIntAccr,604PnlIntSus,Forfeit,Waiv,Cash,604PriWtOff,604IntWtOff,604PnlIntWtOff,604PnlIntInc,604PnlIntRcv,604PnlIntAccr,604PnlIntSus,604PnlIntWaiv,604PnlIntWtOff,0.0,INR,Recovery,ProvisionReserve,ProvisionExpense,ProvisionIncome,ProvisionExpense,ProvisionIncome,SecurityDeposit,SecurityDeposit,604IntWaiv,604PnlIntWaiv,TdsRcv,IGST,CGST,SGST,UTGST,1,0,0,0,0,0,,,0,1,2,0,0,0,3,1.0,2,0.0,INR,2,1,2,0,0,1,6,1,1,1,0,1,1,1,5000.0,INR,2000000.0,INR,10.0,INR,0,1825,1,0,1,1,0,1,IPF-D,PIF-D,Others,1,0,0,0,0,0,0.0,0,0.0,0.0,INR,Business Channel,,,Industry,Firm Name,,,,,,Bureau Score,Business Type,Industry Segment,Type of Segment,Risk Matrix,,,,,,,,,Industry Sub_Segment,Purpose of loan,,,Partner Name,Anchor Name,,,0,,,0,,Invoice no,1,,,0,,,0,,,0,,,0,,,0,,,0,,,0,,,0,,,0,,,0,,,0,,,0,,,0,,,0,,,0,,Business Channel,,,Industry Segment,,,,,,,,UdfText7,Industry Segment,UdfText5,UdfText6,,,,,,,,,Sub Segment,UdfText2,,,Partnername604,Anchorname604,,1,0,0,1,1,0,0,0,0,0,1,1,1,0,0,0,0,0,0,0,0,0,0,1,1,0,0,1,1,0,,,0,0,2022-10-14 15:26:11,sensei,2023-01-24 11:46:51,sensei,0
4,21,NBFC1,202,Loans,INR,1,1,1,1,1,0,0,1,1,0,0,2,0,0,0,0,1,0,0,2,3,4,20,2,1,4,0,Secured,0.26,0.36,0.2,0.3,0.0,0.36,0,0.0,0,0,0,0,0,0,0,0,0,,2,0,90,1,0,0,0,0,202IntInc,202IntRcv,202IntAccr,202IntSus,202PnlIntInc,202PnlIntRcv,202PnlIntAccr,202PnlIntSus,Forfeit,Waiv,,WriteOff,WriteOff,WriteOff,202PnlIntInc,202PnlIntRcv,202PnlIntAccr,202PnlIntSus,202PnlIntWaiv,WriteOff,0.0,INR,Recovery,ProvisionReserve,ProvisionExpense,ProvisionIncome,ProvisionExpense,ProvisionIncome,SecurityDeposit,SecurityDeposit,202IntWaiv,202PnlIntWaiv,TdsRcv,IGST,CGST,SGST,UTGST,4,0,0,1,0,0,,,0,0,1,0,0,0,0,1.0,2,0.0,INR,2,1,2,0,0,1,6,1,1,1,0,1,0,1,150000.0,INR,300000.0,INR,10.0,INR,36,0,4,12,0,4,0,1,IPF-D,IPF-D,Others,1,0,0,0,0,0,0.0,0,0.0,0.0,INR,Business Channel,LTV,FOIR,Industry,Firm Name,Type of Mortgage,Method of Assessment,Additional source of Income,No of Family Members,Family Expenses,Bureau Score,Business Type,Industry Segment,Type of Segment,Risk Matrix,Property Type,Property Value,Annual Turnover,Deviation -1,Deviation -2,Deviation -3,Deviation -4,Deviation -5,Industry Sub_Segment,Purpose of loan,,,Sourcing Person Name,Arthan Mitra Name,Collateral Property Address,Collateral ID,0,,UDHYAM Aadhar No,0,,,0,,Type of Property,0,,Bureau Score of Co-Applicant 1,0,,Bureau Score of Co-Applicant 2,0,,,0,,,0,,,0,,,0,,,0,,,0,,Nominee detail,0,,Area Sq. ft,0,,,0,,,0,,,0,,Mortgage Registration No,0,,Business Channel,,,Industry Segment,,Type of Mortgage,Method of Assessment,,,,,UdfText7,Industry Segment,UdfText5,UdfText6,CollateralType,,,,,,,,Sub Segment,UdfText2,,,,,,1,1,1,1,1,1,1,0,0,0,1,0,1,0,0,1,1,1,1,1,1,0,0,1,1,0,0,1,0,0,Date of Execution,,0,0,2023-03-10 12:30:44,sensei,2023-03-10 21:18:18,sensei,3
